"Star_key"	"Faction_key"	"Substructure"
1	"LC"	"LC,Tamar Pact,Tamar Domains"
6	"FS"	"FS,Draconis March,Woodbine Operational Area,Region 4"
10	"LC"	"LC,Protectorate of Donegal,Coventry Province"
16	"LC"	"LC,Federation of Skye,Kannon Shire"
23	"FWL"	"FWL,Marik Commonwealth"
26	"DC"	"DC,Dieron Military District,Addicks Prefecture,Minor Capital"
27	"LC"	"LC,Protectorate of Donegal,Coventry Province"
28	"FS"	"FS,Crucis March,Minette Operational Area,Broken Wheel Combat Region"
32	"CC"	"CC,St. Ives Commonality,Region 3"
42	"FS"	"FS,Crucis March,Minette Operational Area,Point Barrow Combat Region"
43	"LC"	"LC,Protectorate of Donegal,Furillo Province"
45	"FWL"	"FWL,Principality of Regulus"
47	"LC"	"LC,Protectorate of Donegal,Alarion Province"
49	"LC"	"LC,Protectorate of Donegal,Alarion Province"
50	"FWL"	"FWL"
54	"FWL"	"FWL,Duchy of Graham-Marik"
58	"CC"	"CC,St. Ives Commonality,Region 3"
64	"CC"	"CC,Sian Commonality,Region 11"
75	"LC"	"LC,Federation of Skye,Isle of Skye"
76	"LC"	"LC,Federation of Skye,Rahneshire"
77	"A"	"A"
78	"I"	"I"
82	"CC"	"CC,Chesterton Commonality"
83	"DC"	"DC,Pesht Military District,Coudoux Prefecture"
87	"CC"	"CC,Tikonov Commonality,Region 4"
94	"DC"	"DC,Rasalhague Military District,Tinaca Prefecture"
95	"FWL"	"FWL,Principality of Regulus"
97	"DC"	"DC,Dieron Military District,Lone Star Prefecture"
101	"FWL"	"FWL,Marik Commonwealth"
103	"TC"	"TC,Dumassas Region"
106	"FS"	"FS,Draconis March,Woodbine Operational Area"
110	"DC"	"DC,Dieron Military District,Kuzuu Prefecture"
112	"OA"	"OA,Blommestein Province"
113	"TC"	"TC,Perdition Union"
117	"FS"	"FS,Crucis March,Markesan Operational Area,Region 1"
120	"A"	"A"
123	"CC"	"CC,Sarna Commonality,Region 7"
128	"CC"	"CC,Andurien Commonality,Region 3"
129	"FS"	"FS,Crucis March,Minette Operational Area,Tsamma Combat Region"
133	"LC"	"LC,Protectorate of Donegal,Coventry Province"
134	"FWL"	"FWL,Marik Commonwealth"
140	"DC"	"DC,Dieron Military District,Addicks Prefecture"
141	"FWL"	"FWL,Principality of Regulus"
142	"DC"	"DC,Benjamin Military District,Irurzun Prefecture"
143	"LC"	"LC,Protectorate of Donegal,Coventry Province"
147	"CC"	"CC,Andurien Commonality,Region 2"
149	"FWL"	"FWL,Duchy of Andurien"
151	"CC"	"CC,Capella Commonality,Region 6"
153	"CC"	"CC,Sarna Commonality,Region 6"
154	"A"	"A"
157	"LC"	"LC,Protectorate of Donegal,District of Donegal"
161	"LC"	"LC,Protectorate of Donegal,Alarion Province"
167	"LC"	"LC,Protectorate of Donegal,District of Donegal"
169	"CC"	"CC,Capella Commonality,Region 4"
175	"I"	"I"
176	"DC"	"DC,Galedon Military District,Matsuida Prefecture"
185	"FS"	"FS,Crucis March,Minette Operational Area,Anjin Muerto Combat Region"
188	"FWL"	"FWL,Marik Commonwealth"
191	"FWL"	"FWL"
193	"CC"	"CC,Sarna Commonality,Region 2"
200	"FS"	"FS,Capellan March,Kathil Operational Area,Region 3"
202	"FWL"	"FWL,Marik Commonwealth,Faction Capital"
207	"DC"	"DC,Benjamin Military District,Baldur Prefecture"
210	"FS"	"FS,Crucis March,Markesan Operational Area,Region 3"
212	"LC"	"LC,Federation of Skye,Kannon Shire"
215	"LC"	"LC,Protectorate of Donegal,Coventry Province"
218	"FWL"	"FWL,Marik Commonwealth"
222	"A"	"A"
229	"CC"	"CC,Tikonov Commonality,Region 6"
231	"LC"	"LC,Protectorate of Donegal,Coventry Province"
233	"CC"	"CC,St. Ives Commonality,Region 6"
236	"TC"	"TC,Dumassas Region"
242	"OA"	"OA,Baliggora Province,Major Capital"
243	"LC"	"LC,Federation of Skye,Virginia Shire"
245	"FS"	"FS,Draconis March,Robinson Operational Area"
247	"DC"	"DC,Rasalhague Military District,Radstadt Prefecture"
248	"TC"	"TC,Dumassas Region"
254	"A"	"A"
255	"OA"	"OA,Ramora Province"
259	"FWL"	"FWL"
260	"FS"	"FS,Draconis March,Robinson Operational Area,Region 4"
262	"FS"	"FS,Crucis March,Markesan Operational Area,Region 1"
265	"LC"	"LC,Protectorate of Donegal,Coventry Province"
269	"MOC"	"MOC,Canopus District"
270	"FS"	"FS,Draconis March,Woodbine Operational Area"
271	"FS"	"FS,Crucis March,Chirikof Operational Area,Region 1"
275	"I"	"I"
278	"FS"	"FS,Crucis March,Minette Operational Area,Anjin Muerto Combat Region"
285	"FS"	"FS,Crucis March,Markesan Operational Area,Region 1"
286	"FS"	"FS,Capellan March,Taygeta Operational Area,Region 1"
288	"A"	"A"
290	"FS"	"FS,Crucis March,Chirikof Operational Area,Region 2"
301	"LC"	"LC,Tamar Pact,Tamar Domains"
306	"CC"	"CC,Tikonov Commonality,Region 5"
309	"FWL"	"FWL"
310	"LC"	"LC,Tamar Pact,Tamar Domains"
319	"CC"	"CC,Tikonov Commonality,Region 6"
323	"DC"	"DC,Benjamin Military District,Xinyang Prefecture"
328	"LC"	"LC,Protectorate of Donegal,Alarion Province"
330	"FS"	"FS,Crucis March,Chirikof Operational Area,Region 2"
342	"CC"	"CC,St. Ives Commonality,Region 5"
345	"LC"	"LC,Tamar Pact,Camlann Shire"
346	"LC"	"LC,Protectorate of Donegal,Coventry Province"
348	"OA"	"OA,Traders Domain"
354	"FS"	"FS,Capellan March,Taygeta Operational Area,Region 1"
359	"LC"	"LC,Protectorate of Donegal,Furillo Province"
360	"FWL"	"FWL,Marik Commonwealth"
362	"LC"	"LC,Tamar Pact,Trellshire"
367	"CC"	"CC,Sian Commonality,Region 9"
372	"A"	"A"
376	"A"	"A"
377	"LC"	"LC,Protectorate of Donegal,District of Donegal"
384	"A"	"A"
385	"DC"	"DC,Benjamin Military District,Xinyang Prefecture"
387	"I"	"I"
388	"FS"	"FS,Draconis March,Woodbine Operational Area,Region 2"
389	"CC"	"CC,Sian Commonality,Region 8"
397	"MOC"	"MOC,Canopus District"
398	"FS"	"FS,Draconis March,Woodbine Operational Area,Region 3"
407	"DC"	"DC,Rasalhague Military District,Radstadt Prefecture"
410	"CC"	"CC,Tikonov Commonality,Region 1"
412	"CC"	"CC,Tikonov Commonality,Region 7"
413	"LC"	"LC,Protectorate of Donegal,Coventry Province"
415	"DC"	"DC,Galedon Military District,Kaznejoy Prefecture"
418	"A"	"A"
420	"DC"	"DC,Rasalhague Military District,Radstadt Prefecture"
422	"I"	"I"
423	"FWL"	"FWL,Duchy of Andurien"
424	"MOC"	"MOC,Ballad Province"
427	"TC"	"TC,Dumassas Region"
428	"DC"	"DC,Benjamin Military District,Kajikazawa Prefecture"
433	"FWL"	"FWL,Marik Commonwealth"
436	"I"	"I"
437	"LC"	"LC,Tamar Pact,Camlann Shire"
439	"LC"	"LC,Protectorate of Donegal,Coventry Province"
442	"OA"	"OA,Ramora Province"
443	"FWL"	"FWL"
447	"CC"	"CC,Andurien Commonality,Region 3,Major Capital"
448	"I"	"I"
449	"TC"	"TC,Hyades Union"
460	"MOC"	"MOC,Canopus District"
461	"LC"	"LC,Federation of Skye,Rahneshire"
465	"CC"	"CC,Capella Commonality,Region 2,Major Capital"
468	"DC"	"DC,Galedon Military District,Kaznejoy Prefecture"
472	"FS"	"FS,Draconis March"
479	"CC"	"CC,Sian Commonality,Region 6"
480	"FS"	"FS,Capellan March,Taygeta Operational Area,Region 1"
484	"LC"	"LC,Federation of Skye,Isle of Skye"
485	"LC"	"LC,Federation of Skye,Virginia Shire"
489	"CC"	"CC,Tikonov Commonality,Region 7"
490	"DC"	"DC,Rasalhague Military District,Tinaca Prefecture"
493	"CC"	"CC,Sian Commonality,Region 4"
496	"CC"	"CC,Sian Commonality,Region 9"
497	"FWL"	"FWL"
499	"FWL"	"FWL,Principality of Regulus"
500	"LC"	"LC,Federation of Skye,Kannon Shire"
509	"FS"	"FS,Crucis March,Minette Operational Area,Tsamma Combat Region"
510	"I"	"I"
513	"LC"	"LC,Protectorate of Donegal,Coventry Province"
517	"LC"	"LC,Protectorate of Donegal,Alarion Province"
519	"FS"	"FS,Draconis March,Woodbine Operational Area,Region 5"
524	"FS"	"FS,Crucis March,Markesan Operational Area,Region 2"
526	"DC"	"DC,Pesht Military District,Kagoshima Prefecture"
527	"A"	"A"
529	"FS"	"FS,Crucis March,Markesan Operational Area,Region 3"
530	"CC"	"CC,Capella Commonality,Region 1"
531	"FS"	"FS,Draconis March,Woodbine Operational Area,Region 3"
533	"DC"	"DC,Pesht Military District,Kagoshima Prefecture"
535	"FS"	"FS,Crucis March,Markesan Operational Area,Region 1"
536	"LC"	"LC,Protectorate of Donegal,Coventry Province"
538	"DC"	"DC,Dieron Military District,Ashio Prefecture"
541	"DC"	"DC,Benjamin Military District,Baldur Prefecture"
547	"CC"	"CC,Capella Commonality,Region 2"
548	"I"	"I"
549	"FS"	"FS,Crucis March,Markesan Operational Area,Region 1"
552	"FS"	"FS,Draconis March,Robinson Operational Area,Region 4"
555	"LC"	"LC,Protectorate of Donegal,Furillo Province"
561	"CF"	"CF,Faction Capital"
562	"FWL"	"FWL"
564	"CC"	"CC,Andurien Commonality,Region 2"
569	"FS"	"FS,Draconis March,Robinson Operational Area,Region 1"
570	"FS"	"FS,Crucis March,Chirikof Operational Area,Region 2"
572	"FS"	"FS,Crucis March,Markesan Operational Area,Region 2"
576	"FS"	"FS,Draconis March,Woodbine Operational Area,Region 1"
578	"LC"	"LC,Tamar Pact,Tamar Domains"
581	"CC"	"CC,Sian Commonality,Region 9"
582	"LC"	"LC,Protectorate of Donegal,Coventry Province"
584	"FWL"	"FWL"
586	"FWL"	"FWL,Marik Commonwealth"
588	"DC"	"DC,Galedon Military District,Kaznejoy Prefecture"
590	"CC"	"CC,Chesterton Commonality"
591	"I"	"I"
594	"OA"	"OA,Cerberus Province"
596	"CC"	"CC,Capella Commonality,Region 2"
600	"FWL"	"FWL,Marik Commonwealth"
606	"FS"	"FS,Crucis March,Markesan Operational Area,Region 1"
607	"DC"	"DC,Galedon Military District,New Samarkand Prefecture"
612	"FS"	"FS,Draconis March"
620	"OC"	"OC"
621	"MOC"	"MOC,Ballad Province"
624	"LC"	"LC,Tamar Pact,Camlann Shire"
627	"FS"	"FS,Draconis March,Robinson Operational Area,Region 4"
629	"A"	"A"
631	"FS"	"FS,Crucis March,Chirikof Operational Area,Region 3"
633	"FS"	"FS,Capellan March,Taygeta Operational Area,Region 2"
636	"CC"	"CC,Andurien Commonality,Region 2"
645	"DC"	"DC,Dieron Military District,Kuzuu Prefecture"
646	"LC"	"LC,Protectorate of Donegal,Furillo Province"
648	"MOC"	"MOC,Luxen Province"
652	"DC"	"DC,Galedon Military District,Oshika Prefecture"
657	"FWL"	"FWL,Federation of Oriente"
658	"CC"	"CC,St. Ives Commonality,Region 3"
662	"A"	"A"
668	"DC"	"DC,Rasalhague Military District,Radstadt Prefecture"
669	"FWL"	"FWL,Federation of Oriente"
671	"FS"	"FS,Draconis March,Woodbine Operational Area,Region 1"
673	"FS"	"FS,Crucis March,Markesan Operational Area,Region 2"
675	"FS"	"FS,Crucis March,Minette Operational Area,Point Barrow Combat Region"
676	"LC"	"LC,Tamar Pact,Camlann Shire"
678	"FS"	"FS,Draconis March,Woodbine Operational Area"
679	"DC"	"DC,Galedon Military District,Kaznejoy Prefecture"
681	"FS"	"FS,Crucis March,Markesan Operational Area,Region 3"
684	"FS"	"FS,Draconis March,Woodbine Operational Area,Region 4"
691	"LC"	"LC,Tamar Pact,Trellshire"
692	"I"	"I"
694	"FS"	"FS,Crucis March,Minette Operational Area,Anjin Muerto Combat Region"
695	"FWL"	"FWL,Duchy of Andurien"
698	"I"	"I"
706	"FWL"	"FWL,Regulan Free States"
711	"CC"	"CC,Sian Commonality,Region 8"
712	"FS"	"FS,Capellan March,Taygeta Operational Area,Region 2"
714	"DC"	"DC,Dieron Military District,Lone Star Prefecture,Major Capital"
717	"LC"	"LC,Protectorate of Donegal,Coventry Province"
719	"OA"	"OA,Ramora Province"
720	"LC"	"LC,Tamar Pact,Camlann Shire"
724	"OA"	"OA,Cerberus Province"
725	"DC"	"DC,Galedon Military District,New Samarkand Prefecture"
726	"FS"	"FS,Draconis March,Robinson Operational Area,Region 2"
730	"LC"	"LC,Tamar Pact,Tamar Domains"
733	"FS"	"FS,Draconis March,Robinson Operational Area,Region 3"
741	"FS"	"FS,Capellan March,Taygeta Operational Area,Region 2"
743	"LC"	"LC,Protectorate of Donegal,Furillo Province"
745	"FWL"	"FWL,Marik Commonwealth"
747	"LC"	"LC,Protectorate of Donegal,Alarion Province"
750	"DC"	"DC,Benjamin Military District,Baldur Prefecture"
751	"TC"	"TC,Dumassas Union,Major Capital"
755	"MOC"	"MOC,Ballad Province"
758	"FS"	"FS,Draconis March,Woodbine Operational Area"
759	"DC"	"DC,Pesht Military District,Bjarred Prefecture"
766	"DC"	"DC,Pesht Military District,Kagoshima Prefecture"
768	"DC"	"DC,Pesht Military District,Bjarred Prefecture"
769	"LC"	"LC,Federation of Skye,Virginia Shire"
771	"FWL"	"FWL"
772	"FS"	"FS,Crucis March,Markesan Operational Area,Region 1"
774	"DC"	"DC,Rasalhague Military District,Tinaca Prefecture"
779	"A"	"A"
794	"FWL"	"FWL,Principality of Regulus"
799	"FS"	"FS,Capellan March,Kathil Operational Area,Region 1"
801	"FWL"	"FWL,Federation of Oriente"
807	"LC"	"LC,Protectorate of Donegal,District of Donegal"
808	"CC"	"CC,Sian Commonality,Region 15"
809	"FS"	"FS,Draconis March"
813	"CC"	"CC,Tikonov Commonality,Region 3"
820	"LC"	"LC,Protectorate of Donegal,District of Donegal"
824	"LC"	"LC,Protectorate of Donegal,District of Donegal"
828	"FS"	"FS,Crucis March,Markesan Operational Area,Region 2"
829	"TC"	"TC,Perdition Union"
831	"LC"	"LC,Protectorate of Donegal,Coventry Province"
835	"LC"	"LC,Protectorate of Donegal,Coventry Province"
838	"FWL"	"FWL,Principality of Regulus"
839	"FWL"	"FWL,Duchy of Andurien"
842	"FWL"	"FWL,Principality of Regulus"
846	"A"	"A"
854	"FS"	"FS,Capellan March,Taygeta Operational Area,Region 2"
869	"FS"	"FS,Crucis March,Minette Operational Area,Broken Wheel Combat Region"
875	"LC"	"LC,Protectorate of Donegal,Alarion Province"
877	"CC"	"CC,Sian Commonality,Region 15"
879	"TC"	"TC,Perdition Union"
882	"FWL"	"FWL,Federation of Oriente"
885	"CC"	"CC,Sian Commonality,Region 5"
887	"FS"	"FS,Crucis March,Markesan Operational Area,Region 1"
893	"LC"	"LC,Protectorate of Donegal,Furillo Province"
894	"LC"	"LC,Protectorate of Donegal,District of Donegal"
896	"FS"	"FS,Capellan March,Taygeta Operational Area,Region 2"
903	"CC"	"CC,Sian Commonality,Region 2"
905	"FWL"	"FWL,Federation of Oriente"
906	"FS"	"FS,Crucis March,Minette Operational Area,Broken Wheel Combat Region"
907	"FWL"	"FWL,Federation of Oriente"
908	"DC"	"DC,Benjamin Military District,Kajikazawa Prefecture"
915	"OA"	"OA,Onverwacht Province"
916	"CC"	"CC,Capella Commonality,Region 5"
917	"LC"	"LC,Federation of Skye,Isle of Skye"
921	"FWL"	"FWL"
924	"MOC"	"MOC,Canopus District"
927	"LC"	"LC,Tamar Pact,Tamar Domains"
928	"FS"	"FS,Crucis March,Chirikof Operational Area,Region 2"
934	"TC"	"TC,Brinton Union"
935	"FWL"	"FWL"
936	"LC"	"LC,Tamar Pact,Camlann Shire"
937	"A"	"A"
938	"LC"	"LC,Protectorate of Donegal,District of Donegal"
940	"FWL"	"FWL,Rim Commonality"
942	"CC"	"CC,Capella Commonality,Region 2"
943	"CC"	"CC,Capella Commonality,Region 3"
946	"MOC"	"MOC,Ballad Province"
947	"FWL"	"FWL"
949	"LC"	"LC,Protectorate of Donegal,Furillo Province"
951	"FWL"	"FWL,Abbey District"
952	"FWL"	"FWL,Principality of Gibson"
953	"LC"	"LC,Protectorate of Donegal,Furillo Province"
954	"I"	"I"
957	"A"	"A"
958	"TC"	"TC,Brinton Union"
959	"OA"	"OA,Traders Domain"
960	"FS"	"FS,Crucis March,Minette Operational Area,Anjin Muerto Combat Region"
961	"A"	"A"
965	"LC"	"LC,Federation of Skye,Virginia Shire"
968	"CC"	"CC,Sian Commonality,Region 11"
972	"LC"	"LC,Protectorate of Donegal,Coventry Province"
976	"LC"	"LC,Tamar Pact,Trellshire"
978	"FWL"	"FWL,Federation of Oriente"
980	"A"	"A"
984	"FWL"	"FWL"
985	"I"	"I"
986	"DC"	"DC,Galedon Military District,New Samarkand Prefecture"
988	"LC"	"LC,Tamar Pact,Tamar Domains"
992	"CC"	"CC,Sian Commonality,Region 8"
995	"LC"	"LC,Tamar Pact,Tamar Domains"
997	"FS"	"FS,Crucis March,Markesan Operational Area,Region 3"
999	"FS"	"FS,Crucis March,Chirikof Operational Area,Region 3"
1006	"FWL"	"FWL,Stewart Confederation"
1007	"FS"	"FS,Crucis March,Chirikof Operational Area,Region 3"
1008	"DC"	"DC,Benjamin Military District,Proserpina Prefecture"
1010	"FS"	"FS,Crucis March,Chirikof Operational Area,Region 1"
1016	"LC"	"LC,Protectorate of Donegal,Coventry Province"
1021	"CC"	"CC,St. Ives Commonality,Region 4"
1024	"I"	"I"
1031	"I"	"I"
1034	"LC"	"LC,Tamar Pact,Tamar Domains"
1036	"DC"	"DC,Rasalhague Military District,Tinaca Prefecture"
1040	"CC"	"CC,Tikonov Commonality,Region 2"
1043	"LC"	"LC,Protectorate of Donegal,District of Donegal"
1047	"LC"	"LC,Protectorate of Donegal,District of Donegal"
1049	"DC"	"DC,Galedon Military District,Oshika Prefecture"
1054	"MOC"	"MOC,Canopus District"
1057	"MOC"	"MOC,Canopus District"
1058	"FWL"	"FWL,Principality of Regulus"
1061	"FWL"	"FWL"
1062	"DC"	"DC,Pesht Military District,Pusht-i-rud Prefecture"
1065	"DC"	"DC,Pesht Military District,Kagoshima Prefecture"
1070	"FWL"	"FWL"
1071	"FS"	"FS,Draconis March,Woodbine Operational Area,Region 4"
1072	"DC"	"DC,Dieron Military District,Addicks Prefecture"
1073	"FWL"	"FWL,Principality of Regulus"
1075	"FS"	"FS,Crucis March,Chirikof Operational Area,Region 2"
1076	"FWL"	"FWL"
1080	"DC"	"DC,Rasalhague Military District,Radstadt Prefecture"
1081	"LC"	"LC,Protectorate of Donegal,Alarion Province"
1083	"DC"	"DC,Dieron Military District,Addicks Prefecture"
1089	"FWL"	"FWL"
1090	"FWL"	"FWL,Stewart Confederation"
1095	"I"	"I"
1098	"DC"	"DC,Rasalhague Military District,Radstadt Prefecture"
1103	"FS"	"FS,Capellan March,Taygeta Operational Area,Region 1"
1105	"CC"	"CC,Sian Commonality,Region 4"
1107	"CC"	"CC,Sian Commonality,Region 13"
1110	"DC"	"DC,Benjamin Military District,Irurzun Prefecture"
1113	"LC"	"LC,Protectorate of Donegal,Alarion Province"
1115	"FWL"	"FWL,Principality of Regulus"
1120	"FWL"	"FWL,Marik Commonwealth"
1129	"FWL"	"FWL"
1130	"CC"	"CC,Sian Commonality,Region 6"
1138	"FS"	"FS,Crucis March,Minette Operational Area,Broken Wheel Combat Region"
1139	"LC"	"LC,Protectorate of Donegal,Coventry Province"
1150	"LC"	"LC,Protectorate of Donegal,Alarion Province"
1156	"CC"	"CC,Capella Commonality,Region 5"
1158	"FS"	"FS,Crucis March,Markesan Operational Area,Region 2"
1162	"LC"	"LC,Protectorate of Donegal,Furillo Province"
1165	"FWL"	"FWL,Principality of Gibson"
1166	"FWL"	"FWL"
1168	"A"	"A"
1169	"I"	"I"
1174	"DC"	"DC,Galedon Military District,Matsuida Prefecture"
1175	"DC"	"DC,Benjamin Military District,Xinyang Prefecture"
1177	"CC"	"CC,Sian Commonality,Region 2"
1179	"FWL"	"FWL"
1183	"CC"	"CC,Tikonov Commonality,Region 8"
1188	"DC"	"DC,Dieron Military District,Lone Star Prefecture"
1190	"TC"	"TC,Hyades Union"
1191	"LC"	"LC,Protectorate of Donegal,Coventry Province"
1192	"LC"	"LC,Protectorate of Donegal,Alarion Province"
1195	"A"	"A"
1196	"FS"	"FS,Crucis March,Chirikof Operational Area,Region 1"
1198	"FWL"	"FWL,Duchy of Andurien"
1206	"FS"	"FS,Crucis March,Markesan Operational Area,Region 3"
1211	"DC"	"DC,Benjamin Military District,Irurzun Prefecture,Minor Capital"
1212	"FWL"	"FWL,Principality of Regulus"
1213	"DC"	"DC,Galedon Military District,Oshika Prefecture"
1216	"FS"	"FS,Crucis March,Chirikof Operational Area,Region 2"
1217	"LC"	"LC,Protectorate of Donegal,Coventry Province"
1218	"DC"	"DC,Pesht Military District,Kagoshima Prefecture"
1226	"LC"	"LC,Tamar Pact,Camlann Shire"
1227	"FS"	"FS,Crucis March,Chirikof Operational Area,Region 3"
1230	"FS"	"FS,Capellan March,Taygeta Operational Area,Region 1"
1231	"TC"	"TC,Hyades Union"
1232	"LC"	"LC,Protectorate of Donegal,Alarion Province"
1236	"FWL"	"FWL"
1237	"DC"	"DC,Rasalhague Military District,Trondheim Prefecture"
1239	"FWL"	"FWL,Federation of Oriente"
1240	"LC"	"LC,Protectorate of Donegal,Alarion Province"
1243	"DC"	"DC,Pesht Military District,Bjarred Prefecture"
1246	"OA"	"OA,Baliggora Province"
1247	"LC"	"LC,Protectorate of Donegal,Coventry Province"
1253	"CC"	"CC,Tikonov Commonality,Region 8"
1254	"OA"	"OA,Cerberus Province"
1255	"FS"	"FS,Crucis March,Chirikof Operational Area,Region 1"
1256	"OA"	"OA,Cerberus Province"
1257	"FS"	"FS,Crucis March,Markesan Operational Area,Region 1"
1261	"LC"	"LC,Protectorate of Donegal,Coventry Province"
1262	"OA"	"OA,Baliggora Province"
1264	"FWL"	"FWL,Federation of Oriente"
1265	"MOC"	"MOC,Canopus District"
1272	"DC"	"DC,Pesht Military District,Coudoux Prefecture"
1273	"DC"	"DC,Rasalhague Military District,Tinaca Prefecture"
1276	"FS"	"FS,Crucis March,Chirikof Operational Area,Region 1"
1277	"CC"	"CC,Sarna Commonality,Region 5"
1287	"FWL"	"FWL,Duchy of Andurien"
1291	"DC"	"DC,Benjamin Military District,Xinyang Prefecture"
1294	"FWL"	"FWL,Principality of Regulus"
1302	"FS"	"FS,Capellan March,Kathil Operational Area,Region 2,Minor Capital"
1306	"A"	"A"
1307	"LC"	"LC,Protectorate of Donegal,Alarion Province"
1311	"A"	"A"
1315	"DC"	"DC,Galedon Military District,Kaznejoy Prefecture,Minor Capital"
1317	"FWL"	"FWL"
1327	"FS"	"FS,Draconis March,Woodbine Operational Area,Region 1"
1332	"CC"	"CC,Sian Commonality,Region 12"
1334	"DC"	"DC,Galedon Military District,Kaznejoy Prefecture"
1335	"LC"	"LC,Federation of Skye,Isle of Skye"
1337	"FS"	"FS,Capellan March,Taygeta Operational Area,Region 2"
1338	"FWL"	"FWL,Marik Commonwealth"
1340	"LC"	"LC,Protectorate of Donegal,Coventry Province"
1344	"DC"	"DC,Benjamin Military District,Baldur Prefecture"
1346	"FWL"	"FWL,Duchy of Orloff"
1355	"A"	"A"
1358	"FS"	"FS,Draconis March,Woodbine Operational Area,Region 3"
1361	"LC"	"LC,Federation of Skye,Virginia Shire"
1362	"FWL"	"FWL,Marik Commonwealth"
1363	"FS"	"FS,Crucis March,Markesan Operational Area,Region 2"
1365	"DC"	"DC,Rasalhague Military District,Trondheim Prefecture"
1370	"LC"	"LC,Protectorate of Donegal,Furillo Province"
1379	"CC"	"CC,St. Ives Commonality,Region 3"
1381	"DC"	"DC,Dieron Military District,Lone Star Prefecture"
1389	"FWL"	"FWL,Principality of Regulus"
1390	"FWL"	"FWL"
1391	"LC"	"LC,Protectorate of Donegal,Coventry Province"
1394	"CC"	"CC,Andurien Commonality,Region 1"
1405	"DC"	"DC,Galedon Military District,New Samarkand Prefecture"
1409	"LC"	"LC,Protectorate of Donegal,Coventry Province"
1410	"A"	"A"
1411	"LC"	"LC,Tamar Pact,Trellshire"
1412	"DC"	"DC,Rasalhague Military District,Tinaca Prefecture"
1413	"LC"	"LC,Protectorate of Donegal,Coventry Province"
1417	"LC"	"LC,Protectorate of Donegal,Coventry Province"
1419	"DC"	"DC,Rasalhague Military District,Radstadt Prefecture"
1421	"FS"	"FS,Capellan March,Taygeta Operational Area,Region 1"
1422	"CC"	"CC,Andurien Commonality,Region 1"
1423	"A"	"A"
1429	"LC"	"LC,Protectorate of Donegal,Alarion Province"
1440	"CC"	"CC,Capella Commonality,Region 5"
1443	"TC"	"TC,Hyades Union"
1444	"FWL"	"FWL"
1445	"LC"	"LC,Federation of Skye,Virginia Shire"
1448	"CC"	"CC,Sian Commonality,Region 5"
1449	"FWL"	"FWL,Marik Commonwealth"
1450	"LC"	"LC,Protectorate of Donegal,Alarion Province"
1453	"TC"	"TC,Hyades Union"
1455	"LC"	"LC,Protectorate of Donegal,Alarion Province"
1456	"CC"	"CC,St. Ives Commonality,Region 7"
1458	"FS"	"FS,Crucis March,Markesan Operational Area,Region 2"
1461	"I"	"I"
1465	"LC"	"LC,Protectorate of Donegal,Furillo Province"
1468	"LC"	"LC,Federation of Skye,Virginia Shire"
1473	"LC"	"LC,Protectorate of Donegal,District of Donegal"
1475	"FS"	"FS,Crucis March,Markesan Operational Area,Region 3"
1478	"DC"	"DC,Rasalhague Military District,Radstadt Prefecture"
1479	"FWL"	"FWL"
1482	"LC"	"LC,Tamar Pact,Trellshire"
1483	"FWL"	"FWL,Rim Commonality"
1485	"CC"	"CC,Andurien Commonality,Region 2"
1487	"CC"	"CC,Capella Commonality,Region 4"
1492	"MOC"	"MOC,Canopus District"
1493	"FS"	"FS,Capellan March,Taygeta Operational Area,Region 1"
1496	"FS"	"FS,Draconis March,Woodbine Operational Area,Region 5"
1499	"LC"	"LC,Federation of Skye,Isle of Skye"
1507	"FS"	"FS,Crucis March,Markesan Operational Area,Region 1"
1509	"A"	"A"
1510	"OA"	"OA,Blommestein Province"
1512	"DC"	"DC,Pesht Military District,Bjarred Prefecture"
1513	"DC"	"DC,Dieron Military District,Lone Star Prefecture,Minor Capital"
1523	"DC"	"DC,Rasalhague Military District,Radstadt Prefecture"
1524	"LC"	"LC,Protectorate of Donegal,Coventry Province"
1525	"FWL"	"FWL,Duchy of Graham-Marik"
1526	"DC"	"DC,Pesht Military District,Kagoshima Prefecture"
1531	"TC"	"TC,Dumassas Region"
1532	"DC"	"DC,Benjamin Military District,Irurzun Prefecture"
1541	"MOC"	"MOC,Luxen Province,Major Capital"
1543	"FS"	"FS,Draconis March,Woodbine Operational Area,Region 1"
1546	"DC"	"DC,Dieron Military District,Lone Star Prefecture"
1547	"CC"	"CC,Sian Commonality,Region 14"
1556	"TC"	"TC,Hyades Union"
1557	"FS"	"FS,Crucis March,Markesan Operational Area,Region 2"
1558	"FWL"	"FWL"
1559	"LC"	"LC,Protectorate of Donegal,Alarion Province"
1563	"LC"	"LC,Protectorate of Donegal,Coventry Province"
1565	"FS"	"FS,Capellan March,Taygeta Operational Area,Region 1"
1569	"I"	"I"
1571	"I"	"I"
1581	"CC"	"CC,Tikonov Commonality,Region 5"
1582	"LC"	"LC,Protectorate of Donegal,Coventry Province"
1585	"A"	"A"
1588	"I"	"I"
1598	"A"	"A"
1599	"DC"	"DC,Benjamin Military District,Proserpina Prefecture"
1600	"MOC"	"MOC,Canopus District"
1608	"FS"	"FS,Crucis March,Minette Operational Area,Broken Wheel Combat Region"
1611	"LC"	"LC,Protectorate of Donegal,Alarion Province"
1616	"DC"	"DC,Galedon Military District,Matsuida Prefecture"
1618	"LC"	"LC,Protectorate of Donegal,Alarion Province"
1627	"DC"	"DC,Galedon Military District,Matsuida Prefecture,Minor Capital"
1636	"FS"	"FS,Draconis March,Woodbine Operational Area,Region 5"
1641	"DC"	"DC,Galedon Military District,Matsuida Prefecture"
1642	"DC"	"DC,Galedon Military District,Kaznejoy Prefecture"
1646	"FS"	"FS,Crucis March,Minette Operational Area,Anjin Muerto Combat Region"
1647	"LC"	"LC,Tamar Pact,Camlann Shire"
1649	"I"	"I"
1651	"LC"	"LC,Protectorate of Donegal,Coventry Province"
1652	"DC"	"DC,Galedon Military District,Kaznejoy Prefecture"
1658	"FS"	"FS,Crucis March,Markesan Operational Area,Region 3"
1659	"FWL"	"FWL"
1663	"FS"	"FS,Crucis March,Minette Operational Area,Point Barrow Combat Region"
1664	"FS"	"FS,Crucis March,Minette Operational Area,Broken Wheel Combat Region"
1665	"FS"	"FS,Draconis March"
1667	"LC"	"LC,Protectorate of Donegal,Coventry Province"
1671	"FS"	"FS,Crucis March,Minette Operational Area,Broken Wheel Combat Region"
1680	"FWL"	"FWL,Stewart Confederation"
1682	"A"	"A"
1686	"FS"	"FS,Capellan March,Taygeta Operational Area,Region 1"
1689	"FWL"	"FWL"
1690	"LC"	"LC,Protectorate of Donegal,District of Donegal"
1695	"I"	"I"
1697	"A"	"A"
1699	"FWL"	"FWL,Marik Commonwealth"
1704	"OA"	"OA,Cerberus Province"
1707	"FWL"	"FWL,Federation of Oriente"
1708	"CC"	"CC,St. Ives Commonality,Region 1"
1718	"CC"	"CC,Chesterton Commonality"
1719	"CC"	"CC,Tikonov Commonality,Region 7"
1728	"DC"	"DC,Galedon Military District,Oshika Prefecture"
1731	"OA"	"OA,Traders Domain"
1732	"DC"	"DC,Galedon Military District,New Samarkand Prefecture"
1734	"MOC"	"MOC,Luxen Province"
1738	"FS"	"FS,Crucis March,Minette Operational Area,Tsamma Combat Region"
1742	"MOC"	"MOC,Ballad Province"
1745	"FS"	"FS,Capellan March,Kathil Operational Area,Region 2"
1747	"FS"	"FS,Crucis March,Markesan Operational Area,Region 3"
1748	"A"	"A"
1750	"FS"	"FS,Crucis March,Chirikof Operational Area,Region 2"
1752	"DC"	"DC,Pesht Military District,Kagoshima Prefecture"
1753	"LC"	"LC,Federation of Skye,Isle of Skye"
1755	"FS"	"FS,Capellan March,Taygeta Operational Area,Region 2"
1758	"LC"	"LC,Protectorate of Donegal,Coventry Province"
1760	"LC"	"LC,Tamar Pact,Camlann Shire"
1761	"LC"	"LC,Protectorate of Donegal,Alarion Province"
1767	"DC"	"DC,Rasalhague Military District,Radstadt Prefecture"
1768	"DC"	"DC,Pesht Military District,Kagoshima Prefecture"
1769	"DC"	"DC,Pesht Military District,Pusht-i-rud Prefecture"
1770	"CC"	"CC,Sian Commonality,Region 4"
1778	"FWL"	"FWL,Principality of Regulus"
1779	"FS"	"FS,Crucis March,Markesan Operational Area,Region 1"
1787	"FS"	"FS,Crucis March,Chirikof Operational Area,Region 1"
1790	"DC"	"DC,Dieron Military District,Kuzuu Prefecture"
1791	"LC"	"LC,Tamar Pact,Camlann Shire"
1793	"DC"	"DC,Galedon Military District,New Samarkand Prefecture"
1794	"FWL"	"FWL,Duchy of Andurien"
1795	"FS"	"FS,Capellan March,Kathil Operational Area,Region 2"
1797	"DC"	"DC,Pesht Military District,Ningxia Prefecture"
1798	"FS"	"FS,Capellan March,Taygeta Operational Area,Region 1"
1799	"CC"	"CC,Andurien Commonality,Region 2"
1800	"DC"	"DC,Dieron Military District,Ashio Prefecture"
1801	"CC"	"CC,St. Ives Commonality,Region 2"
1806	"FWL"	"FWL,Rim Commonality"
1807	"LC"	"LC,Federation of Skye,Virginia Shire"
1810	"LC"	"LC,Protectorate of Donegal,Furillo Province"
1812	"MOC"	"MOC,Canopus District"
1813	"I"	"I"
1815	"CC"	"CC,Sarna Commonality,Region 5"
1818	"DC"	"DC,Dieron Military District,Lone Star Prefecture"
1828	"DC"	"DC,Dieron Military District,Addicks Prefecture"
1829	"FWL"	"FWL"
1841	"FWL"	"FWL,Marik Commonwealth"
1844	"FWL"	"FWL,Federation of Oriente"
1846	"CC"	"CC,Sian Commonality,Region 13"
1847	"CC"	"CC,Capella Commonality,Region 4"
1849	"DC"	"DC,Pesht Military District,Pusht-i-rud Prefecture"
1851	"DC"	"DC,Pesht Military District,Bjarred Prefecture"
1852	"CC"	"CC,Tikonov Commonality,Region 1"
1855	"CC"	"CC,Sian Commonality,Region 2"
1859	"DC"	"DC,Dieron Military District,Kuzuu Prefecture"
1860	"CC"	"CC,Sian Commonality,Region 5"
1861	"FWL"	"FWL,Marik Commonwealth"
1865	"FWL"	"FWL,Principality of Regulus"
1866	"LC"	"LC,Protectorate of Donegal,Coventry Province"
1867	"LC"	"LC,Protectorate of Donegal,Alarion Province"
1869	"CC"	"CC,Sian Commonality,Region 8"
1870	"FWL"	"FWL"
1872	"CC"	"CC,Tikonov Commonality,Region 10"
1874	"CC"	"CC,Andurien Commonality,Region 3"
1875	"I"	"I"
1877	"DC"	"DC,Dieron Military District,Lone Star Prefecture"
1879	"A"	"A"
1884	"FWL"	"FWL"
1891	"TC"	"TC,Perdition Union"
1892	"LC"	"LC,Tamar Pact,Trellshire"
1894	"OA"	"OA,Cerberus Province"
1895	"CC"	"CC,Tikonov Commonality,Region 3"
1906	"LC"	"LC,Protectorate of Donegal,Alarion Province"
1907	"CC"	"CC,Sian Commonality,Region 7"
1910	"LC"	"LC,Tamar Pact,Camlann Shire"
1912	"FS"	"FS,Crucis March,Chirikof Operational Area,Region 1"
1917	"FWL"	"FWL"
1918	"FWL"	"FWL,Marik Commonwealth"
1919	"DC"	"DC,Benjamin Military District,Baldur Prefecture"
1921	"FS"	"FS,Crucis March,Markesan Operational Area,Region 3"
1922	"LC"	"LC,Protectorate of Donegal,District of Donegal"
1923	"FS"	"FS,Crucis March,Markesan Operational Area,Region 2"
1931	"FWL"	"FWL,Regulan Free States"
1932	"FS"	"FS,Draconis March,Robinson Operational Area,Region 1"
1936	"CC"	"CC,Capella Commonality,Region 5"
1937	"CC"	"CC,St. Ives Commonality,Region 4"
1938	"FS"	"FS,Crucis March,Minette Operational Area,Broken Wheel Combat Region"
1944	"FS"	"FS,Capellan March,Kathil Operational Area,Region 1"
1946	"LC"	"LC,Tamar Pact,Camlann Shire"
1949	"LC"	"LC,Tamar Pact,Camlann Shire"
1951	"LC"	"LC,Protectorate of Donegal,Alarion Province"
1952	"DC"	"DC,Galedon Military District,Oshika Prefecture,Minor Capital"
1954	"OA"	"OA,Cerberus Province"
1955	"DC"	"DC,Benjamin Military District,Kajikazawa Prefecture"
1956	"DC"	"DC,Benjamin Military District,Baldur Prefecture"
1959	"DC"	"DC,Pesht Military District,Bjarred Prefecture"
1966	"DC"	"DC,Rasalhague Military District,Tinaca Prefecture"
1971	"CC"	"CC,Sian Commonality,Region 3"
1972	"MOC"	"MOC,Canopus District"
1973	"MOC"	"MOC,Luxen Province"
1974	"FS"	"FS,Crucis March,Minette Operational Area,Tsamma Combat Region"
1975	"CC"	"CC,Sarna Commonality,Region 4"
1978	"FWL"	"FWL"
1981	"DC"	"DC,Benjamin Military District,Kajikazawa Prefecture"
1989	"FS"	"FS,Crucis March,Markesan Operational Area,Region 2"
1993	"LC"	"LC,Protectorate of Donegal,Coventry Province"
1994	"CC"	"CC,St. Ives Commonality,Region 4"
1995	"FS"	"FS,Draconis March,Woodbine Operational Area"
1998	"I"	"I"
2001	"FWL"	"FWL,Principality of Regulus"
2004	"FWL"	"FWL"
2006	"CC"	"CC,Sian Commonality,Region 1"
2007	"LC"	"LC,Protectorate of Donegal,Alarion Province"
2012	"DC"	"DC,Galedon Military District,Kaznejoy Prefecture"
2015	"LC"	"LC,Tamar Pact,Tamar Domains"
2017	"DC"	"DC,Pesht Military District,Kagoshima Prefecture,Major Capital"
2018	"FS"	"FS,Crucis March,Markesan Operational Area,Region 2"
2020	"LC"	"LC,Federation of Skye,Kannon Shire"
2021	"LC"	"LC,Federation of Skye,Isle of Skye"
2022	"LC"	"LC,Protectorate of Donegal,District of Donegal"
2023	"DC"	"DC,Benjamin Military District,Xinyang Prefecture"
2024	"DC"	"DC,Dieron Military District,Ashio Prefecture"
2025	"FS"	"FS,Crucis March,Chirikof Operational Area,Region 2"
2030	"CC"	"CC,Andurien Commonality,Region 3"
2031	"TC"	"TC,Hyades Union"
2035	"FS"	"FS,Draconis March,Woodbine Operational Area,Region 1"
2038	"FS"	"FS,Capellan March,Taygeta Operational Area,Region 1"
2048	"FWL"	"FWL"
2051	"LC"	"LC,Protectorate of Donegal,District of Donegal"
2053	"LC"	"LC,Tamar Pact,Camlann Shire"
2055	"TC"	"TC,Brinton Union"
2058	"CC"	"CC,Tikonov Commonality,Region 10"
2065	"CC"	"CC,Capella Commonality,Region 8"
2072	"FWL"	"FWL"
2074	"FWL"	"FWL"
2076	"DC"	"DC,Benjamin Military District,Proserpina Prefecture,Minor Capital"
2078	"LC"	"LC,Protectorate of Donegal,Coventry Province"
2079	"A"	"A"
2081	"DC"	"DC,Pesht Military District,Pusht-i-rud Prefecture,Minor Capital"
2082	"OA"	"OA,Blommestein Province"
2084	"LC"	"LC,Protectorate of Donegal,Coventry Province"
2087	"LC"	"LC,Tamar Pact,Camlann Shire"
2089	"LC"	"LC,Tamar Pact,Camlann Shire"
2092	"CC"	"CC,Sarna Commonality,Region 4"
2093	"DC"	"DC,Dieron Military District,Lone Star Prefecture"
2100	"A"	"A"
2101	"FS"	"FS,Capellan March,Kathil Operational Area,Region 3"
2103	"CC"	"CC,Sarna Commonality,Region 3"
2105	"LC"	"LC,Protectorate of Donegal,Alarion Province"
2113	"FWL"	"FWL,Duchy of Orloff"
2114	"DC"	"DC,Galedon Military District,New Samarkand Prefecture"
2115	"FS"	"FS,Crucis March,Markesan Operational Area,Region 2"
2117	"LC"	"LC,Tamar Pact,Camlann Shire"
2126	"CC"	"CC,St. Ives Commonality,Region 3"
2127	"FS"	"FS,Crucis March,Minette Operational Area,Broken Wheel Combat Region"
2129	"FWL"	"FWL,Principality of Regulus,Major Capital"
2132	"DC"	"DC,Benjamin Military District,Irurzun Prefecture"
2134	"CC"	"CC,Capella Commonality,Region 3"
2138	"TC"	"TC,Hyades Union"
2139	"FS"	"FS,Crucis March,Minette Operational Area,Broken Wheel Combat Region"
2146	"FWL"	"FWL"
2152	"LC"	"LC,Protectorate of Donegal,Coventry Province"
2153	"LC"	"LC,Tamar Pact,Tamar Domains"
2154	"FS"	"FS,Capellan March,Taygeta Operational Area,Region 1"
2155	"LC"	"LC,Federation of Skye,Isle of Skye"
2157	"CC"	"CC,Tikonov Commonality,Region 4"
2160	"FS"	"FS,Draconis March,Robinson Operational Area,Region 3,Major Capital"
2162	"LC"	"LC,Federation of Skye,Rahneshire"
2164	"FS"	"FS,Draconis March,Robinson Operational Area,Region 3"
2165	"DC"	"DC,Pesht Military District,Coudoux Prefecture"
2171	"FWL"	"FWL"
2183	"FS"	"FS,Draconis March,Robinson Operational Area,Region 2"
2184	"MOC"	"MOC,Canopus District"
2185	"FS"	"FS,Capellan March,Kathil Operational Area,Region 3"
2186	"LC"	"LC,Tamar Pact,Camlann Shire"
2188	"OA"	"OA,Alpheratz Province"
2189	"DC"	"DC,Dieron Military District,Kuzuu Prefecture"
2190	"FWL"	"FWL"
2194	"FWL"	"FWL,Duchy of Andurien"
2200	"DC"	"DC,Dieron Military District,Lone Star Prefecture"
2202	"DC"	"DC,Dieron Military District,Ashio Prefecture"
2203	"DC"	"DC,Benjamin Military District,Proserpina Prefecture"
2204	"CC"	"CC,Andurien Commonality,Region 3"
2205	"CC"	"CC,St. Ives Commonality,Region 6"
2214	"CC"	"CC,Andurien Commonality,Region 2"
2215	"FS"	"FS,Crucis March,Markesan Operational Area,Region 3"
2223	"TC"	"TC,Hyades Union"
2227	"FS"	"FS,Crucis March,Markesan Operational Area,Region 1"
2229	"LC"	"LC,Protectorate of Donegal,Coventry Province"
2231	"FS"	"FS,Capellan March,Taygeta Operational Area,Region 1"
2232	"FS"	"FS,Crucis March,Minette Operational Area,Broken Wheel Combat Region"
2233	"FWL"	"FWL"
2235	"FWL"	"FWL,Duchy of Oriente"
2236	"LC"	"LC,Protectorate of Donegal,Alarion Province"
2237	"LC"	"LC,Protectorate of Donegal,Coventry Province"
2240	"LC"	"LC,Protectorate of Donegal,Alarion Province"
2242	"CC"	"CC,Sarna Commonality,Region 4"
2243	"CC"	"CC,Sarna Commonality,Region 4,Major Capital"
2245	"TC"	"TC,Perdition Union"
2248	"FS"	"FS,Draconis March"
2250	"FWL"	"FWL,Marik Commonwealth"
2252	"FS"	"FS,Draconis March,Woodbine Operational Area,Region 5"
2256	"DC"	"DC,Benjamin Military District,Proserpina Prefecture"
2259	"FWL"	"FWL"
2261	"DC"	"DC,Galedon Military District,Kaznejoy Prefecture"
2263	"OA"	"OA,Onverwacht Province"
2265	"DC"	"DC,Pesht Military District,Coudoux Prefecture"
2269	"FWL"	"FWL"
2270	"CC"	"CC,Sarna Commonality,Region 1"
2272	"LC"	"LC,Federation of Skye,Virginia Shire"
2275	"FWL"	"FWL,Duchy of Orloff"
2279	"LC"	"LC,Protectorate of Donegal,Furillo Province"
2281	"I"	"I"
2282	"TC"	"TC,Dumassas Region"
2284	"DC"	"DC,Rasalhague Military District,Tinaca Prefecture"
2287	"OA"	"OA,Ramora Province"
2288	"LC"	"LC,Tamar Pact,Tamar Domains"
2291	"CC"	"CC,Sian Commonality,Region 13"
2293	"CC"	"CC,St. Ives Commonality,Region 1"
2294	"FWL"	"FWL,Principality of Regulus"
2295	"FWL"	"FWL,Marik Commonwealth"
2296	"DC"	"DC,Galedon Military District,Matsuida Prefecture"
2299	"FS"	"FS,Crucis March,Minette Operational Area,Anjin Muerto Combat Region"
2302	"FWL"	"FWL,Federation of Oriente"
2308	"FWL"	"FWL"
2315	"CC"	"CC,Sarna Commonality,Region 5"
2316	"MOC"	"MOC,Luxen Province"
2321	"DC"	"DC,Dieron Military District,Kuzuu Prefecture"
2326	"I"	"I"
2327	"CC"	"CC,Sian Commonality,Region 4,Faction Capital"
2329	"I"	"I"
2331	"FWL"	"FWL"
2333	"CC"	"CC,Sian Commonality,Region 7"
2340	"DC"	"DC,Galedon Military District,New Samarkand Prefecture"
2343	"CC"	"CC,Sian Commonality,Region 11"
2351	"FS"	"FS,Crucis March,Minette Operational Area,Broken Wheel Combat Region"
2352	"A"	"A"
2354	"LC"	"LC,Federation of Skye,Isle of Skye"
2356	"LC"	"LC,Federation of Skye,Isle of Skye,Major Capital"
2358	"I"	"I"
2359	"CC"	"CC,Tikonov Commonality,Region 6"
2360	"CC"	"CC,Tikonov Commonality,Region 3"
2361	"CC"	"CC,Sian Commonality,Region 15"
2362	"FS"	"FS,Capellan March,Kathil Operational Area,Region 1"
2365	"CC"	"CC,Tikonov Commonality,Region 9"
2369	"LC"	"LC,Protectorate of Donegal,Furillo Province"
2373	"LC"	"LC,Tamar Pact,Trellshire"
2381	"DC"	"DC,Rasalhague Military District,Tinaca Prefecture"
2385	"CC"	"CC,St. Ives Commonality,Region 4"
2386	"FWL"	"FWL,Marik Commonwealth"
2390	"FWL"	"FWL,Marik Commonwealth"
2393	"CC"	"CC,St. Ives Commonality,Region 4"
2395	"CC"	"CC,Capella Commonality,Region 4"
2403	"FS"	"FS,Crucis March,Markesan Operational Area,Region 3"
2405	"FS"	"FS,Crucis March,Minette Operational Area,Anjin Muerto Combat Region"
2409	"FS"	"FS,Draconis March,Woodbine Operational Area,Region 4"
2415	"FS"	"FS,Capellan March,Kathil Operational Area,Region 2"
2419	"LC"	"LC,Protectorate of Donegal,Coventry Province"
2420	"FS"	"FS,Draconis March,Woodbine Operational Area"
2427	"DC"	"DC,Dieron Military District,Lone Star Prefecture"
2429	"DC"	"DC,Galedon Military District,New Samarkand Prefecture"
2438	"DC"	"DC,Galedon Military District,Oshika Prefecture"
2440	"LC"	"LC,Protectorate of Donegal,District of Donegal"
2441	"DC"	"DC,Rasalhague Military District,Radstadt Prefecture"
2442	"FS"	"FS,Crucis March,Chirikof Operational Area,Region 1"
2444	"CC"	"CC,Sarna Commonality,Region 1"
2445	"I"	"I"
2446	"LC"	"LC,Tamar Pact,Tamar Domains"
2453	"FS"	"FS,Draconis March,Woodbine Operational Area,Region 5"
2454	"FS"	"FS,Crucis March,Minette Operational Area,Point Barrow Combat Region"
2460	"FWL"	"FWL"
2464	"CC"	"CC,St. Ives Commonality,Region 2"
2467	"FS"	"FS,Crucis March,Markesan Operational Area,Region 3"
2469	"FWL"	"FWL"
2470	"CC"	"CC,Tikonov Commonality,Region 5"
2471	"A"	"A"
2475	"FWL"	"FWL"
2476	"DC"	"DC,Benjamin Military District,Kajikazawa Prefecture"
2484	"DC"	"DC,Benjamin Military District,Proserpina Prefecture"
2487	"OA"	"OA,Traders Domain"
2489	"LC"	"LC,Protectorate of Donegal,Alarion Province"
2490	"I"	"I"
2492	"FS"	"FS,Draconis March,Robinson Operational Area,Region 3"
2494	"MOC"	"MOC,Canopus District"
2497	"DC"	"DC,Benjamin Military District,Kajikazawa Prefecture"
2502	"FS"	"FS,Capellan March,Taygeta Operational Area,Minor Capital"
2503	"FS"	"FS,Capellan March,Taygeta Operational Area,Region 1"
2505	"MOC"	"MOC,Ballad Province"
2506	"CC"	"CC,Sarna Commonality,Region 7"
2507	"A"	"A"
2508	"FS"	"FS,Crucis March,Chirikof Operational Area,Region 2"
2509	"OA"	"OA,Ramora Province"
2511	"DC"	"DC,Dieron Military District,Ashio Prefecture"
2513	"CC"	"CC,St. Ives Commonality,Region 5"
2514	"FWL"	"FWL,Duchy of Andurien"
2517	"CC"	"CC,Tikonov Commonality,Region 2"
2518	"LC"	"LC,Protectorate of Donegal,District of Donegal"
2521	"CC"	"CC,St. Ives Commonality,Region 5"
2522	"FS"	"FS,Crucis March,Minette Operational Area,Point Barrow Combat Region"
2526	"LC"	"LC,Protectorate of Donegal,District of Donegal,Faction Capital"
2527	"A"	"A"
2539	"LC"	"LC,Tamar Pact,Tamar Domains"
2543	"DC"	"DC,Galedon Military District,New Samarkand Prefecture"
2546	"LC"	"LC,Protectorate of Donegal,Alarion Province"
2548	"LC"	"LC,Protectorate of Donegal,Coventry Province"
2549	"LC"	"LC,Protectorate of Donegal,Coventry Province"
2550	"DC"	"DC,Rasalhague Military District,Tinaca Prefecture,Minor Capital"
2552	"TC"	"TC,Perdition Union"
2554	"LC"	"LC,Protectorate of Donegal,Alarion Province"
2556	"FS"	"FS,Crucis March,Markesan Operational Area,Region 1"
2557	"DC"	"DC,Rasalhague Military District,Tinaca Prefecture"
2562	"LC"	"LC,Tamar Pact,Trellshire"
2564	"FWL"	"FWL,Marik Commonwealth"
2567	"FWL"	"FWL"
2568	"FS"	"FS,Crucis March,Markesan Operational Area,Region 3"
2569	"TD"	"TD,Faction Capital"
2571	"A"	"A"
2576	"FS"	"FS,Crucis March,Chirikof Operational Area,Region 2"
2578	"LC"	"LC,Tamar Pact,Trellshire,Minor Capital"
2581	"LC"	"LC,Protectorate of Donegal,Coventry Province"
2587	"DC"	"DC,Benjamin Military District,Baldur Prefecture"
2592	"FS"	"FS,Crucis March,Minette Operational Area,Tsamma Combat Region"
2600	"LC"	"LC,Tamar Pact,Camlann Shire"
2601	"CC"	"CC,Sian Commonality,Region 8"
2602	"LC"	"LC,Protectorate of Donegal,Furillo Province"
2604	"FS"	"FS,Capellan March,Kathil Operational Area,Region 2"
2607	"DC"	"DC,Pesht Military District,Kagoshima Prefecture"
2608	"LC"	"LC,Tamar Pact,Trellshire"
2609	"DC"	"DC,Dieron Military District,Addicks Prefecture"
2610	"LC"	"LC,Protectorate of Donegal,Alarion Province"
2611	"CC"	"CC,Sian Commonality,Region 15"
2615	"OA"	"OA,Ramora Province"
2617	"LC"	"LC,Protectorate of Donegal,Alarion Province"
2619	"CC"	"CC,Sarna Commonality,Region 4"
2620	"CC"	"CC,Andurien Commonality,Region 1"
2622	"OA"	"OA,Cerberus Province"
2624	"FS"	"FS,Crucis March,Minette Operational Area,Tsamma Combat Region"
2626	"DC"	"DC,Benjamin Military District,Proserpina Prefecture"
2631	"CC"	"CC,Sian Commonality,Region 14"
2632	"LC"	"LC,Federation of Skye,Isle of Skye"
2633	"DC"	"DC,Rasalhague Military District,Radstadt Prefecture"
2634	"LC"	"LC,Protectorate of Donegal,Coventry Province"
2637	"LC"	"LC,Protectorate of Donegal,Alarion Province"
2644	"LC"	"LC,Protectorate of Donegal,Alarion Province"
2646	"A"	"A"
2647	"DC"	"DC,Galedon Military District,Kaznejoy Prefecture"
2648	"CC"	"CC,Sarna Commonality,Region 2"
2650	"I"	"I"
2655	"FS"	"FS,Crucis March,Minette Operational Area,Anjin Muerto Combat Region"
2659	"FWL"	"FWL,Duchy of Orloff"
2660	"LC"	"LC,Tamar Pact,Trellshire"
2661	"CC"	"CC,Sian Commonality,Region 9"
2662	"I"	"I"
2664	"FS"	"FS,Crucis March,Minette Operational Area,Broken Wheel Combat Region"
2667	"DC"	"DC,Dieron Military District,Kuzuu Prefecture"
2669	"LC"	"LC,Protectorate of Donegal,Alarion Province"
2670	"LC"	"LC,Protectorate of Donegal,Alarion Province"
2671	"CC"	"CC,Sarna Commonality,Region 1"
2673	"FS"	"FS,Crucis March,Chirikof Operational Area,Region 2"
2675	"FS"	"FS,Crucis March,Minette Operational Area,Point Barrow Combat Region"
2676	"CC"	"CC,Sian Commonality,Region 10"
2686	"LC"	"LC,Protectorate of Donegal,Alarion Province"
2687	"FWL"	"FWL"
2689	"I"	"I"
2693	"DC"	"DC,Rasalhague Military District,Radstadt Prefecture"
2696	"I"	"I"
2700	"LC"	"LC,Tamar Pact,Tamar Domains"
2701	"OA"	"OA,Onverwacht Province"
2702	"DC"	"DC,Rasalhague Military District,Radstadt Prefecture"
2703	"A"	"A"
2705	"FWL"	"FWL,Regulan Free States"
2709	"FS"	"FS,Crucis March,Minette Operational Area,Broken Wheel Combat Region"
2710	"OA"	"OA,Blommestein Province"
2713	"DC"	"DC,Galedon Military District,Kaznejoy Prefecture"
2718	"DC"	"DC,Galedon Military District,Matsuida Prefecture"
2721	"CC"	"CC,St. Ives Commonality,Region 5"
2722	"FS"	"FS,Capellan March,Taygeta Operational Area,Region 2"
2723	"LC"	"LC,Protectorate of Donegal,District of Donegal"
2726	"FWL"	"FWL,Duchy of Andurien"
2731	"FWL"	"FWL"
2732	"CC"	"CC,St. Ives Commonality,Region 5"
2733	"FS"	"FS,Crucis March,Minette Operational Area,Point Barrow Combat Region"
2734	"FS"	"FS,Crucis March,Minette Operational Area,Point Barrow Combat Region"
2746	"FS"	"FS,Capellan March,Taygeta Operational Area,Region 2"
2748	"LC"	"LC,Protectorate of Donegal,District of Donegal"
2750	"FWL"	"FWL"
2751	"CC"	"CC,Sarna Commonality,Region 2"
2755	"MOC"	"MOC,Canopus District"
2760	"I"	"I"
2769	"DC"	"DC,Pesht Military District,Kagoshima Prefecture"
2770	"FWL"	"FWL"
2775	"DC"	"DC,Galedon Military District,New Samarkand Prefecture"
2783	"LC"	"LC,Protectorate of Donegal,Coventry Province"
2788	"CC"	"CC,Sian Commonality,Region 10"
2791	"A"	"A"
2792	"FWL"	"FWL"
2805	"DC"	"DC,Galedon Military District,Matsuida Prefecture"
2809	"A"	"A"
2814	"I"	"I"
2815	"LC"	"LC,Protectorate of Donegal,Coventry Province"
2819	"LC"	"LC,Protectorate of Donegal,Alarion Province"
2822	"CC"	"CC,Sarna Commonality,Region 5"
2825	"LC"	"LC,Protectorate of Donegal,Alarion Province"
2826	"LC"	"LC,Federation of Skye,Isle of Skye"
2835	"OA"	"OA,Blommestein Province"
2843	"LC"	"LC,Tamar Pact,Tamar Domains"
2847	"LC"	"LC,Federation of Skye,Isle of Skye"
2852	"LC"	"LC,Protectorate of Donegal,Furillo Province"
2854	"I"	"I"
2855	"I"	"I"
2861	"U"	"U"
2865	"U"	"U"
2869	"LL"	"LL"
2874	"U"	"U"
2877	"U"	"U"
2884	"U"	"U"
2885	"U"	"U"
2890	"U"	"U"
2892	"U"	"U"
2894	"U"	"U"
2895	"U"	"U"
2896	"U"	"U"
2897	"U"	"U"
2900	"U"	"U"
2904	"U"	"U"
2908	"U"	"U"
2912	"I"	"I"
2914	"U"	"U"
2915	"U"	"U"
2922	"A"	"A"
2924	"U"	"U"
2925	"U"	"U"
2937	"C"	"C"
2940	"C"	"C"
2941	"U"	"U"
2946	"U"	"U"
2948	"U"	"U"
2950	"C"	"C"
2958	"C"	"C"
2960	"CSA"	"CSA,Faction Capital"
2961	"C"	"C,Faction Capital"
2963	"CCY"	"CCY,Faction Capital"
2965	"U"	"U"
2966	"U"	"U"
2967	"U"	"U"
2968	"C"	"C"
2970	"U"	"U"
2971	"A"	"A"
2972	"NC"	"NC"
2975	"NC"	"NC"
2976	"NC"	"NC"
2980	"NC"	"NC"
2983	"U"	"U"
2993	"U"	"U"
2997	"U"	"U"
2998	"U"	"U"
3005	"U"	"U"
3009	"U"	"U"
3013	"U"	"U"
3018	"U"	"U"
3020	"U"	"U"
3025	"U"	"U"
3030	"I"	"I"
3033	"U"	"U"
3037	"U"	"U"
3038	"U"	"U"
3042	"U"	"U"
3047	"U"	"U"
3049	"U"	"U"
3051	"U"	"U"
3052	"U"	"U"
3054	"U"	"U"
3057	"U"	"U"
3058	"U"	"U"
3063	"U"	"U"
3064	"I"	"I"
3067	"AP"	"AP"
3073	"AP"	"AP"
3074	"AP"	"AP"
3076	"AP"	"AP"
3077	"U"	"U"
3081	"U"	"U"
3084	"A"	"A"
3085	"A"	"A"
3086	"A"	"A"
3091	"U"	"U"
3092	"U"	"U"
3101	"NDC"	"NDC"
3103	"NDC"	"NDC,Faction Capital"
3104	"NDC"	"NDC"
3106	"U"	"U"
3112	"U"	"U"
3114	"U"	"U"
3116	"U"	"U"
3117	"I"	"I"
3118	"U"	"U"
3119	"U"	"U"
3121	"A"	"A"
3127	"U"	"U"
3131	"U"	"U"
3132	"U"	"U"
3133	"U"	"U"
3134	"U"	"U"
3136	"JF"	"JF"
3137	"U"	"U"
3139	"JF"	"JF"
3148	"U"	"U"
3152	"I"	"I"
3156	"U"	"U"
3157	"U"	"U"
3158	"I"	"I"
3164	"U"	"U"
3167	"U"	"U"
3170	"U"	"U"
3171	"U"	"U"
3172	"U"	"U"
